indicator_name,nt8_source_file,nt8_source_path,nt8_source_hash,python_module,python_file,function_name,category,status,parity_status,required_columns,output_columns,default_params,notes,created_at,updated_at
@Indicator,@Indicator.cs,C:\Users\srobi\OneDrive\Documents\NinjaTrader 8\bin\Custom\Indicators\@Indicator.cs,7508e7af5fe85eb476a625a0db8e17e6e1c3dc78d6b01aab23dd47be61d4f106,indicators.volatility,C:\Users\srobi\OneDrive\Documents\Data\regimeAwareDiscovery\indicators\volatility.py,compute_indicator,volatility,stub_created,not_tested,"timestamp,open,high,low,close,volume",,{},Auto-generated from NT8 indicator source. Needs manual conversion.,2026-04-25 17:00:11,2026-04-25 17:00:11
ADL,@ADL.cs,C:\Users\srobi\OneDrive\Documents\NinjaTrader 8\bin\Custom\Indicators\@ADL.cs,25705b98d52217512b522e2965e46e918cdd9a5ed183b09aad7ec69e74cc8962,indicators.volatility,C:\Users\srobi\OneDrive\Documents\Data\regimeAwareDiscovery\indicators\volatility.py,compute_adl,volatility,stub_created,not_tested,"timestamp,open,high,low,close,volume",,{},Auto-generated from NT8 indicator source. Needs manual conversion.,2026-04-25 17:00:11,2026-04-25 17:00:11
ADX,@ADX.cs,C:\Users\srobi\OneDrive\Documents\NinjaTrader 8\bin\Custom\Indicators\@ADX.cs,f22acf2040404aa8a8108a6ae071aa0d2b5c2a7de32165dd8e5fb8cf8dfe3ee7,indicators.volatility,C:\Users\srobi\OneDrive\Documents\Data\regimeAwareDiscovery\indicators\volatility.py,compute_adx,volatility,stub_created,not_tested,"timestamp,open,high,low,close,volume",,{},Auto-generated from NT8 indicator source. Needs manual conversion.,2026-04-25 17:00:11,2026-04-25 17:00:11
ADXR,@ADXR.cs,C:\Users\srobi\OneDrive\Documents\NinjaTrader 8\bin\Custom\Indicators\@ADXR.cs,56b6657ae76a36befb8d869d052d85e2c35c1cc7b5034e160fc4f60c6b881688,indicators.volatility,C:\Users\srobi\OneDrive\Documents\Data\regimeAwareDiscovery\indicators\volatility.py,compute_adxr,volatility,stub_created,not_tested,"timestamp,open,high,low,close,volume",,{},Auto-generated from NT8 indicator source. Needs manual conversion.,2026-04-25 17:00:11,2026-04-25 17:00:11
AFATR,AFATR.cs,C:\Users\srobi\OneDrive\Documents\NinjaTrader 8\bin\Custom\Indicators\AFATR.cs,4ab3296cbd2871ad954434f56777a0bd9503d2ff4a0fd1bdd570fdb4055a0609,indicators.volatility,C:\Users\srobi\OneDrive\Documents\Data\regimeAwareDiscovery\indicators\volatility.py,compute_afatr,volatility,stub_created,not_tested,"timestamp,open,high,low,close,volume",,{},Auto-generated from NT8 indicator source. Needs manual conversion.,2026-04-25 17:00:11,2026-04-25 17:00:11
APZ,@APZ.cs,C:\Users\srobi\OneDrive\Documents\NinjaTrader 8\bin\Custom\Indicators\@APZ.cs,da569f4fee439831d3df692133ee16dc0531b1c7e230536f73c73cb8b3fbb7df,indicators.volatility,C:\Users\srobi\OneDrive\Documents\Data\regimeAwareDiscovery\indicators\volatility.py,compute_apz,volatility,stub_created,not_tested,"timestamp,open,high,low,close,volume",,{},Auto-generated from NT8 indicator source. Needs manual conversion.,2026-04-25 17:00:11,2026-04-25 17:00:11
ATR,@ATR.cs,C:\Users\srobi\OneDrive\Documents\NinjaTrader 8\bin\Custom\Indicators\@ATR.cs,2799c7c8ada28aacd8d881f0b47c01a6f4a45d1bba4a8ddf2850bfb0026f9223,indicators.volatility,C:\Users\srobi\OneDrive\Documents\Data\regimeAwareDiscovery\indicators\volatility.py,compute_atr,volatility,stub_created,not_tested,"timestamp,open,high,low,close,volume",,{},Auto-generated from NT8 indicator source. Needs manual conversion.,2026-04-25 17:00:11,2026-04-25 17:00:11
ATRBandsSignalIndicator,ATRBandsMaxIndicator.cs,C:\Users\srobi\OneDrive\Documents\NinjaTrader 8\bin\Custom\Indicators\ATRBandsMaxIndicator.cs,78f1cb3ba2725bb6fbecae5324763a750a6571080733f4b3fd701dd91acd0455,indicators.volatility,C:\Users\srobi\OneDrive\Documents\Data\regimeAwareDiscovery\indicators\volatility.py,compute_atrbands_signal_indicator,volatility,stub_created,not_tested,"timestamp,open,high,low,close,volume",,{},Auto-generated from NT8 indicator source. Needs manual conversion.,2026-04-25 17:00:11,2026-04-25 17:00:11
Aroon,@Aroon.cs,C:\Users\srobi\OneDrive\Documents\NinjaTrader 8\bin\Custom\Indicators\@Aroon.cs,a948ba891778835210800d1c449a019be4a9aace81b8f644ee196ea23244e7c7,indicators.volatility,C:\Users\srobi\OneDrive\Documents\Data\regimeAwareDiscovery\indicators\volatility.py,compute_aroon,volatility,stub_created,not_tested,"timestamp,open,high,low,close,volume",,{},Auto-generated from NT8 indicator source. Needs manual conversion.,2026-04-25 17:00:11,2026-04-25 17:00:11
AroonOscillator,@AroonOscillator.cs,C:\Users\srobi\OneDrive\Documents\NinjaTrader 8\bin\Custom\Indicators\@AroonOscillator.cs,7a0f0ef7846467878e83d598f996baa4bde0ae29a6fe4a9bd154d67b522bc5c6,indicators.volatility,C:\Users\srobi\OneDrive\Documents\Data\regimeAwareDiscovery\indicators\volatility.py,compute_aroon_oscillator,volatility,stub_created,not_tested,"timestamp,open,high,low,close,volume",,{},Auto-generated from NT8 indicator source. Needs manual conversion.,2026-04-25 17:00:11,2026-04-25 17:00:11
BOP,@BOP.cs,C:\Users\srobi\OneDrive\Documents\NinjaTrader 8\bin\Custom\Indicators\@BOP.cs,c217065114b3541fc75134d95760ba596754412db8c9bf8c6d48258627ffc6dc,indicators.volatility,C:\Users\srobi\OneDrive\Documents\Data\regimeAwareDiscovery\indicators\volatility.py,compute_bop,volatility,stub_created,not_tested,"timestamp,open,high,low,close,volume",,{},Auto-generated from NT8 indicator source. Needs manual conversion.,2026-04-25 17:00:11,2026-04-25 17:00:11
BarTimer,@BarTimer.cs,C:\Users\srobi\OneDrive\Documents\NinjaTrader 8\bin\Custom\Indicators\@BarTimer.cs,daf29b84dc3ed5fb4c9d2616ef4cc5ff597ead73ce36a8bfd20831fbdd69af3a,indicators.volatility,C:\Users\srobi\OneDrive\Documents\Data\regimeAwareDiscovery\indicators\volatility.py,compute_bar_timer,volatility,stub_created,not_tested,"timestamp,open,high,low,close,volume",,{},Auto-generated from NT8 indicator source. Needs manual conversion.,2026-04-25 17:00:11,2026-04-25 17:00:11
BlockVolume,@BlockVolume.cs,C:\Users\srobi\OneDrive\Documents\NinjaTrader 8\bin\Custom\Indicators\@BlockVolume.cs,0b92ad546693bd3ce7dadc34f4a2b22594d4e6364b3a138597b0a75a14f154ce,indicators.volatility,C:\Users\srobi\OneDrive\Documents\Data\regimeAwareDiscovery\indicators\volatility.py,compute_block_volume,volatility,stub_created,not_tested,"timestamp,open,high,low,close,volume",,{},Auto-generated from NT8 indicator source. Needs manual conversion.,2026-04-25 17:00:11,2026-04-25 17:00:11
Bollinger,@Bollinger.cs,C:\Users\srobi\OneDrive\Documents\NinjaTrader 8\bin\Custom\Indicators\@Bollinger.cs,e00e5c2ff2de013c791141a2420d706af2d2e2c28dd88cf0c28cdcdb864dfb38,indicators.volatility,C:\Users\srobi\OneDrive\Documents\Data\regimeAwareDiscovery\indicators\volatility.py,compute_bollinger,volatility,stub_created,not_tested,"timestamp,open,high,low,close,volume",,{},Auto-generated from NT8 indicator source. Needs manual conversion.,2026-04-25 17:00:11,2026-04-25 17:00:11
BreakawayGap,BreakawayGap.cs,C:\Users\srobi\OneDrive\Documents\NinjaTrader 8\bin\Custom\Indicators\BreakawayGap.cs,43b1162acbf8a404fa248fa316688501bb863dc188a6fdaff06da98c9a146e5b,indicators.volatility,C:\Users\srobi\OneDrive\Documents\Data\regimeAwareDiscovery\indicators\volatility.py,compute_breakaway_gap,volatility,stub_created,not_tested,"timestamp,open,high,low,close,volume",,{},Auto-generated from NT8 indicator source. Needs manual conversion.,2026-04-25 17:00:11,2026-04-25 17:00:11
BuySellPressure,@BuySellPressure.cs,C:\Users\srobi\OneDrive\Documents\NinjaTrader 8\bin\Custom\Indicators\@BuySellPressure.cs,8e2c825ebcbf1bc0abe97798135e6bd87b2ca6421e2cb2a39c24cadc67da0fbc,indicators.volatility,C:\Users\srobi\OneDrive\Documents\Data\regimeAwareDiscovery\indicators\volatility.py,compute_buy_sell_pressure,volatility,stub_created,not_tested,"timestamp,open,high,low,close,volume",,{},Auto-generated from NT8 indicator source. Needs manual conversion.,2026-04-25 17:00:11,2026-04-25 17:00:11
BuySellVolume,@BuySellVolume.cs,C:\Users\srobi\OneDrive\Documents\NinjaTrader 8\bin\Custom\Indicators\@BuySellVolume.cs,3e80d13eb5646314bbd6d200554cea14d4789cef66971dc3313d340701b6db17,indicators.volatility,C:\Users\srobi\OneDrive\Documents\Data\regimeAwareDiscovery\indicators\volatility.py,compute_buy_sell_volume,volatility,stub_created,not_tested,"timestamp,open,high,low,close,volume",,{},Auto-generated from NT8 indicator source. Needs manual conversion.,2026-04-25 17:00:11,2026-04-25 17:00:11
CCI,@CCI.cs,C:\Users\srobi\OneDrive\Documents\NinjaTrader 8\bin\Custom\Indicators\@CCI.cs,8e3d9241048bb19035df8a8408bf1fdbebe5049538c977b1333111a4ce94065b,indicators.volatility,C:\Users\srobi\OneDrive\Documents\Data\regimeAwareDiscovery\indicators\volatility.py,compute_cci,volatility,stub_created,not_tested,"timestamp,open,high,low,close,volume",,{},Auto-generated from NT8 indicator source. Needs manual conversion.,2026-04-25 17:00:11,2026-04-25 17:00:11
CMO,@CMO.cs,C:\Users\srobi\OneDrive\Documents\NinjaTrader 8\bin\Custom\Indicators\@CMO.cs,3f5f3bb52835f2d47aa23084b98741141931350ad7124f9ee59343fe79ac85c7,indicators.volatility,C:\Users\srobi\OneDrive\Documents\Data\regimeAwareDiscovery\indicators\volatility.py,compute_cmo,volatility,stub_created,not_tested,"timestamp,open,high,low,close,volume",,{},Auto-generated from NT8 indicator source. Needs manual conversion.,2026-04-25 17:00:11,2026-04-25 17:00:11
COT,@COT.cs,C:\Users\srobi\OneDrive\Documents\NinjaTrader 8\bin\Custom\Indicators\@COT.cs,aaabefc1157b97e6b818d56dc8f0a9efa241915537708780c7f1e150280c8ad1,indicators.volatility,C:\Users\srobi\OneDrive\Documents\Data\regimeAwareDiscovery\indicators\volatility.py,compute_cot,volatility,stub_created,not_tested,"timestamp,open,high,low,close,volume",,{},Auto-generated from NT8 indicator source. Needs manual conversion.,2026-04-25 17:00:11,2026-04-25 17:00:11
CamarillaPivots,@CamarillaPivots.cs,C:\Users\srobi\OneDrive\Documents\NinjaTrader 8\bin\Custom\Indicators\@CamarillaPivots.cs,acb6a1034b1ee833a546331eff3602d06a3dd29d75e23f723dd06ac6684c3dab,indicators.volatility,C:\Users\srobi\OneDrive\Documents\Data\regimeAwareDiscovery\indicators\volatility.py,compute_camarilla_pivots,volatility,stub_created,not_tested,"timestamp,open,high,low,close,volume",,{},Auto-generated from NT8 indicator source. Needs manual conversion.,2026-04-25 17:00:11,2026-04-25 17:00:11
CandlestickPattern,@CandleStickPattern.cs,C:\Users\srobi\OneDrive\Documents\NinjaTrader 8\bin\Custom\Indicators\@CandleStickPattern.cs,d65e1c2064a5fac20a03d52b582d4c9b9cac7158d71291a1ec2c4854bf62f190,indicators.volatility,C:\Users\srobi\OneDrive\Documents\Data\regimeAwareDiscovery\indicators\volatility.py,compute_candlestick_pattern,volatility,stub_created,not_tested,"timestamp,open,high,low,close,volume",,{},Auto-generated from NT8 indicator source. Needs manual conversion.,2026-04-25 17:00:11,2026-04-25 17:00:11
ChaikinMoneyFlow,@ChaikinMoneyFlow.cs,C:\Users\srobi\OneDrive\Documents\NinjaTrader 8\bin\Custom\Indicators\@ChaikinMoneyFlow.cs,1aa0be2736b15b463ed2760b05ce4a1d33329259e2147f352a1796e01e00e5d4,indicators.volatility,C:\Users\srobi\OneDrive\Documents\Data\regimeAwareDiscovery\indicators\volatility.py,compute_chaikin_money_flow,volatility,stub_created,not_tested,"timestamp,open,high,low,close,volume",,{},Auto-generated from NT8 indicator source. Needs manual conversion.,2026-04-25 17:00:11,2026-04-25 17:00:11
ChaikinOscillator,@ChaikinOscillator.cs,C:\Users\srobi\OneDrive\Documents\NinjaTrader 8\bin\Custom\Indicators\@ChaikinOscillator.cs,17c23b8546ed025fe99395058623c7eaff525fa2c9a448bf60a548dd376fe191,indicators.volatility,C:\Users\srobi\OneDrive\Documents\Data\regimeAwareDiscovery\indicators\volatility.py,compute_chaikin_oscillator,volatility,stub_created,not_tested,"timestamp,open,high,low,close,volume",,{},Auto-generated from NT8 indicator source. Needs manual conversion.,2026-04-25 17:00:11,2026-04-25 17:00:11
ChaikinVolatility,@ChaikinVolatility.cs,C:\Users\srobi\OneDrive\Documents\NinjaTrader 8\bin\Custom\Indicators\@ChaikinVolatility.cs,d67e2181b3a1c84b8b7d72c03cc6177cf149e3aa89de5eb0d86d19561a18ac2e,indicators.volatility,C:\Users\srobi\OneDrive\Documents\Data\regimeAwareDiscovery\indicators\volatility.py,compute_chaikin_volatility,volatility,stub_created,not_tested,"timestamp,open,high,low,close,volume",,{},Auto-generated from NT8 indicator source. Needs manual conversion.,2026-04-25 17:00:11,2026-04-25 17:00:11
ChoppinessIndex,@ChoppinessIndex.cs,C:\Users\srobi\OneDrive\Documents\NinjaTrader 8\bin\Custom\Indicators\@ChoppinessIndex.cs,cb7920a05135924efe56d78fdd20149f9f5391e627828a6691b19f70418b4000,indicators.volatility,C:\Users\srobi\OneDrive\Documents\Data\regimeAwareDiscovery\indicators\volatility.py,compute_choppiness_index,volatility,stub_created,not_tested,"timestamp,open,high,low,close,volume",,{},Auto-generated from NT8 indicator source. Needs manual conversion.,2026-04-25 17:00:11,2026-04-25 17:00:11
Consolidation,Consolidation.cs,C:\Users\srobi\OneDrive\Documents\NinjaTrader 8\bin\Custom\Indicators\Consolidation.cs,02b1cff4d4c63f9d109cb0da7bbbeb2d5b1483c4a2b4dd1360de807d34654cdc,indicators.volatility,C:\Users\srobi\OneDrive\Documents\Data\regimeAwareDiscovery\indicators\volatility.py,compute_consolidation,volatility,stub_created,not_tested,"timestamp,open,high,low,close,volume",,{},Auto-generated from NT8 indicator source. Needs manual conversion.,2026-04-25 17:00:11,2026-04-25 17:00:11
ConstantLines,@ConstantLines.cs,C:\Users\srobi\OneDrive\Documents\NinjaTrader 8\bin\Custom\Indicators\@ConstantLines.cs,746d3602a773dac1b304dca7dac58f5c2483d76976c3798c1d9f476cc6160025,indicators.volatility,C:\Users\srobi\OneDrive\Documents\Data\regimeAwareDiscovery\indicators\volatility.py,compute_constant_lines,volatility,stub_created,not_tested,"timestamp,open,high,low,close,volume",,{},Auto-generated from NT8 indicator source. Needs manual conversion.,2026-04-25 17:00:11,2026-04-25 17:00:11
Correlation,@Correlation.cs,C:\Users\srobi\OneDrive\Documents\NinjaTrader 8\bin\Custom\Indicators\@Correlation.cs,0568de770274d35c6ed680969a92e1e074afffcbcbc64f2d6c36664ce7c4e527,indicators.volatility,C:\Users\srobi\OneDrive\Documents\Data\regimeAwareDiscovery\indicators\volatility.py,compute_correlation,volatility,stub_created,not_tested,"timestamp,open,high,low,close,volume",,{},Auto-generated from NT8 indicator source. Needs manual conversion.,2026-04-25 17:00:11,2026-04-25 17:00:11
CupAndHandle,CupAndHandle.cs,C:\Users\srobi\OneDrive\Documents\NinjaTrader 8\bin\Custom\Indicators\CupAndHandle.cs,f1998e5c1bfb107542e5e321030d2db7ad40fb70c30fddc97d5e1aec0f3aa794,indicators.volatility,C:\Users\srobi\OneDrive\Documents\Data\regimeAwareDiscovery\indicators\volatility.py,compute_cup_and_handle,volatility,stub_created,not_tested,"timestamp,open,high,low,close,volume",,{},Auto-generated from NT8 indicator source. Needs manual conversion.,2026-04-25 17:00:11,2026-04-25 17:00:11
CurrentDayOHL,@CurrentDayOHL.cs,C:\Users\srobi\OneDrive\Documents\NinjaTrader 8\bin\Custom\Indicators\@CurrentDayOHL.cs,318a47ffc41ac0612f1761eef1e190528594561e28fb3fc784086f9dd84c8aec,indicators.volatility,C:\Users\srobi\OneDrive\Documents\Data\regimeAwareDiscovery\indicators\volatility.py,compute_current_day_ohl,volatility,stub_created,not_tested,"timestamp,open,high,low,close,volume",,{},Auto-generated from NT8 indicator source. Needs manual conversion.,2026-04-25 17:00:11,2026-04-25 17:00:11
DEMA,@DEMA.cs,C:\Users\srobi\OneDrive\Documents\NinjaTrader 8\bin\Custom\Indicators\@DEMA.cs,993a6a58bb6cc2db6ada205b815a4a96b173a8ca05ec61fdfd68079e8781ec74,indicators.volatility,C:\Users\srobi\OneDrive\Documents\Data\regimeAwareDiscovery\indicators\volatility.py,compute_dema,volatility,stub_created,not_tested,"timestamp,open,high,low,close,volume",,{},Auto-generated from NT8 indicator source. Needs manual conversion.,2026-04-25 17:00:11,2026-04-25 17:00:11
DM,@DM.cs,C:\Users\srobi\OneDrive\Documents\NinjaTrader 8\bin\Custom\Indicators\@DM.cs,66c13576235b77c8ab06c4647caa9785031ae4f77f16df69486b0c91134c5f88,indicators.volatility,C:\Users\srobi\OneDrive\Documents\Data\regimeAwareDiscovery\indicators\volatility.py,compute_dm,volatility,stub_created,not_tested,"timestamp,open,high,low,close,volume",,{},Auto-generated from NT8 indicator source. Needs manual conversion.,2026-04-25 17:00:11,2026-04-25 17:00:11
DMI,@DMI.cs,C:\Users\srobi\OneDrive\Documents\NinjaTrader 8\bin\Custom\Indicators\@DMI.cs,72c5c78b3a01a7a1fb311a152e6e53966dde655f8f9af61bbcb1da11852b9b38,indicators.volatility,C:\Users\srobi\OneDrive\Documents\Data\regimeAwareDiscovery\indicators\volatility.py,compute_dmi,volatility,stub_created,not_tested,"timestamp,open,high,low,close,volume",,{},Auto-generated from NT8 indicator source. Needs manual conversion.,2026-04-25 17:00:11,2026-04-25 17:00:11
DMIndex,@DMIndex.cs,C:\Users\srobi\OneDrive\Documents\NinjaTrader 8\bin\Custom\Indicators\@DMIndex.cs,4f55750dcd62316ea3ff996cc07e302fdcc8d97e2718cae3253a608fb5bac8c0,indicators.volatility,C:\Users\srobi\OneDrive\Documents\Data\regimeAwareDiscovery\indicators\volatility.py,compute_dmindex,volatility,stub_created,not_tested,"timestamp,open,high,low,close,volume",,{},Auto-generated from NT8 indicator source. Needs manual conversion.,2026-04-25 17:00:11,2026-04-25 17:00:11
Darvas,@Darvas.cs,C:\Users\srobi\OneDrive\Documents\NinjaTrader 8\bin\Custom\Indicators\@Darvas.cs,ff914d2571c7c657008ee7b6436acde9ad7f8e4372cff5bcd50b8f5ad0ff13f8,indicators.volatility,C:\Users\srobi\OneDrive\Documents\Data\regimeAwareDiscovery\indicators\volatility.py,compute_darvas,volatility,stub_created,not_tested,"timestamp,open,high,low,close,volume",,{},Auto-generated from NT8 indicator source. Needs manual conversion.,2026-04-25 17:00:11,2026-04-25 17:00:11
DisparityIndex,@DisparityIndex.cs,C:\Users\srobi\OneDrive\Documents\NinjaTrader 8\bin\Custom\Indicators\@DisparityIndex.cs,4d849eb44beef11dea31b80bfb9ecc75a4640e21fb626e0cb97c29fea90201db,indicators.volatility,C:\Users\srobi\OneDrive\Documents\Data\regimeAwareDiscovery\indicators\volatility.py,compute_disparity_index,volatility,stub_created,not_tested,"timestamp,open,high,low,close,volume",,{},Auto-generated from NT8 indicator source. Needs manual conversion.,2026-04-25 17:00:11,2026-04-25 17:00:11
DonchianChannel,@DonchianChannel.cs,C:\Users\srobi\OneDrive\Documents\NinjaTrader 8\bin\Custom\Indicators\@DonchianChannel.cs,211bb9e150408090379c3ea7618445e3fd9741f2046d263095bf8798422f3d6f,indicators.volatility,C:\Users\srobi\OneDrive\Documents\Data\regimeAwareDiscovery\indicators\volatility.py,compute_donchian_channel,volatility,stub_created,not_tested,"timestamp,open,high,low,close,volume",,{},Auto-generated from NT8 indicator source. Needs manual conversion.,2026-04-25 17:00:11,2026-04-25 17:00:11
DoubleBottom,DoubleBottom.cs,C:\Users\srobi\OneDrive\Documents\NinjaTrader 8\bin\Custom\Indicators\DoubleBottom.cs,52d363e2db5a2af18ff2eaa55b6b64d671b50268644d870435f71b3e99cbfb7e,indicators.volatility,C:\Users\srobi\OneDrive\Documents\Data\regimeAwareDiscovery\indicators\volatility.py,compute_double_bottom,volatility,stub_created,not_tested,"timestamp,open,high,low,close,volume",,{},Auto-generated from NT8 indicator source. Needs manual conversion.,2026-04-25 17:00:11,2026-04-25 17:00:11
DoubleStochastics,@DoubleStochastics.cs,C:\Users\srobi\OneDrive\Documents\NinjaTrader 8\bin\Custom\Indicators\@DoubleStochastics.cs,521dcfdef7bf9a66bf7f1838aba023b54e7925408373e8f89bc9355928a9ac0e,indicators.volatility,C:\Users\srobi\OneDrive\Documents\Data\regimeAwareDiscovery\indicators\volatility.py,compute_double_stochastics,volatility,stub_created,not_tested,"timestamp,open,high,low,close,volume",,{},Auto-generated from NT8 indicator source. Needs manual conversion.,2026-04-25 17:00:11,2026-04-25 17:00:11
DrawingToolTile,@DrawingToolTile.cs,C:\Users\srobi\OneDrive\Documents\NinjaTrader 8\bin\Custom\Indicators\@DrawingToolTile.cs,88c598b495d9c453f21bf21a4130f9ea9fd47d571a3e0e98adf42a618b8934ec,indicators.volatility,C:\Users\srobi\OneDrive\Documents\Data\regimeAwareDiscovery\indicators\volatility.py,compute_drawing_tool_tile,volatility,stub_created,not_tested,"timestamp,open,high,low,close,volume",,{},Auto-generated from NT8 indicator source. Needs manual conversion.,2026-04-25 17:00:11,2026-04-25 17:00:11
EMA,@EMA.cs,C:\Users\srobi\OneDrive\Documents\NinjaTrader 8\bin\Custom\Indicators\@EMA.cs,db129651c0d70537afd658e36d47263f44f349bea0a29a35f421feb96badb0ba,indicators.volatility,C:\Users\srobi\OneDrive\Documents\Data\regimeAwareDiscovery\indicators\volatility.py,compute_ema,volatility,stub_created,not_tested,"timestamp,open,high,low,close,volume",,{},Auto-generated from NT8 indicator source. Needs manual conversion.,2026-04-25 17:00:11,2026-04-25 17:00:11
EaseOfMovement,@EaseOfMovement.cs,C:\Users\srobi\OneDrive\Documents\NinjaTrader 8\bin\Custom\Indicators\@EaseOfMovement.cs,97dfd4be36f9711ec788381ae9408f90dadede440bdf4c5566ec591867ff4e9d,indicators.volatility,C:\Users\srobi\OneDrive\Documents\Data\regimeAwareDiscovery\indicators\volatility.py,compute_ease_of_movement,volatility,stub_created,not_tested,"timestamp,open,high,low,close,volume",,{},Auto-generated from NT8 indicator source. Needs manual conversion.,2026-04-25 17:00:11,2026-04-25 17:00:11
FOSC,@FOSC.cs,C:\Users\srobi\OneDrive\Documents\NinjaTrader 8\bin\Custom\Indicators\@FOSC.cs,9f87eae3c7a9cc1c1a982333afaa264660cbe10fbd628467c896a6c866c3e316,indicators.volatility,C:\Users\srobi\OneDrive\Documents\Data\regimeAwareDiscovery\indicators\volatility.py,compute_fosc,volatility,stub_created,not_tested,"timestamp,open,high,low,close,volume",,{},Auto-generated from NT8 indicator source. Needs manual conversion.,2026-04-25 17:00:11,2026-04-25 17:00:11
FVG,@FVG.cs,C:\Users\srobi\OneDrive\Documents\NinjaTrader 8\bin\Custom\Indicators\@FVG.cs,264a828a4cfbb50a81b2e676406c1969b33d2b51901c06c3e28ad49438237e77,indicators.volatility,C:\Users\srobi\OneDrive\Documents\Data\regimeAwareDiscovery\indicators\volatility.py,compute_fvg,volatility,stub_created,not_tested,"timestamp,open,high,low,close,volume",,{},Auto-generated from NT8 indicator source. Needs manual conversion.,2026-04-25 17:00:11,2026-04-25 17:00:11
FibR1,FibR1.cs,C:\Users\srobi\OneDrive\Documents\NinjaTrader 8\bin\Custom\Indicators\FibR1.cs,7c8418c4b2e185985fe711e9acc3bacabc086731f996db7aa16d4a025830badc,indicators.volatility,C:\Users\srobi\OneDrive\Documents\Data\regimeAwareDiscovery\indicators\volatility.py,compute_fib_r1,volatility,stub_created,not_tested,"timestamp,open,high,low,close,volume",,{},Auto-generated from NT8 indicator source. Needs manual conversion.,2026-04-25 17:00:11,2026-04-25 17:00:11
FibR2,FibR2.cs,C:\Users\srobi\OneDrive\Documents\NinjaTrader 8\bin\Custom\Indicators\FibR2.cs,fb2fb951b3b3cadf798f43923d045273b0ca11888ce5ba3398a2b64469572252,indicators.volatility,C:\Users\srobi\OneDrive\Documents\Data\regimeAwareDiscovery\indicators\volatility.py,compute_fib_r2,volatility,stub_created,not_tested,"timestamp,open,high,low,close,volume",,{},Auto-generated from NT8 indicator source. Needs manual conversion.,2026-04-25 17:00:11,2026-04-25 17:00:11
FibS1,FibS1.cs,C:\Users\srobi\OneDrive\Documents\NinjaTrader 8\bin\Custom\Indicators\FibS1.cs,2ab3001f9ba81e8c2be4ee82b2591672bc5b2141ed1583208cfd312ad7f2fabb,indicators.volatility,C:\Users\srobi\OneDrive\Documents\Data\regimeAwareDiscovery\indicators\volatility.py,compute_fib_s1,volatility,stub_created,not_tested,"timestamp,open,high,low,close,volume",,{},Auto-generated from NT8 indicator source. Needs manual conversion.,2026-04-25 17:00:11,2026-04-25 17:00:11
FibS2,FibS2.cs,C:\Users\srobi\OneDrive\Documents\NinjaTrader 8\bin\Custom\Indicators\FibS2.cs,7ca97f7888196201328384d5b92b5dacdbdd67d6c6cdab7d66c4333c54471309,indicators.volatility,C:\Users\srobi\OneDrive\Documents\Data\regimeAwareDiscovery\indicators\volatility.py,compute_fib_s2,volatility,stub_created,not_tested,"timestamp,open,high,low,close,volume",,{},Auto-generated from NT8 indicator source. Needs manual conversion.,2026-04-25 17:00:11,2026-04-25 17:00:11
FibonacciPivots,@FibonacciPivots.cs,C:\Users\srobi\OneDrive\Documents\NinjaTrader 8\bin\Custom\Indicators\@FibonacciPivots.cs,355040c762d30a11e846ff9a148144aae701fbc355f05e9660da88ae0a4fe57b,indicators.volatility,C:\Users\srobi\OneDrive\Documents\Data\regimeAwareDiscovery\indicators\volatility.py,compute_fibonacci_pivots,volatility,stub_created,not_tested,"timestamp,open,high,low,close,volume",,{},Auto-generated from NT8 indicator source. Needs manual conversion.,2026-04-25 17:00:11,2026-04-25 17:00:11
FisherTransform,@FisherTransform.cs,C:\Users\srobi\OneDrive\Documents\NinjaTrader 8\bin\Custom\Indicators\@FisherTransform.cs,b4d11d87f7f849ef39d0f5126debd866c0c1847f37f09472a4a718c0b16ed9ff,indicators.volatility,C:\Users\srobi\OneDrive\Documents\Data\regimeAwareDiscovery\indicators\volatility.py,compute_fisher_transform,volatility,stub_created,not_tested,"timestamp,open,high,low,close,volume",,{},Auto-generated from NT8 indicator source. Needs manual conversion.,2026-04-25 17:00:11,2026-04-25 17:00:11
FlatBase,FlatBase.cs,C:\Users\srobi\OneDrive\Documents\NinjaTrader 8\bin\Custom\Indicators\FlatBase.cs,a1864345c27ba4d77f831b7b3b66e31f71bbc71e492ccb809e161d2d925cdb0c,indicators.volatility,C:\Users\srobi\OneDrive\Documents\Data\regimeAwareDiscovery\indicators\volatility.py,compute_flat_base,volatility,stub_created,not_tested,"timestamp,open,high,low,close,volume",,{},Auto-generated from NT8 indicator source. Needs manual conversion.,2026-04-25 17:00:11,2026-04-25 17:00:11
HMA,@HMA.cs,C:\Users\srobi\OneDrive\Documents\NinjaTrader 8\bin\Custom\Indicators\@HMA.cs,eb5ffb5c533f57d6a623b998b3e68207da2e70c61eede7fcb67e2326bf78a8c0,indicators.volatility,C:\Users\srobi\OneDrive\Documents\Data\regimeAwareDiscovery\indicators\volatility.py,compute_hma,volatility,stub_created,not_tested,"timestamp,open,high,low,close,volume",,{},Auto-generated from NT8 indicator source. Needs manual conversion.,2026-04-25 17:00:11,2026-04-25 17:00:11
HeadAndShoulders,HeadAndShoulders.cs,C:\Users\srobi\OneDrive\Documents\NinjaTrader 8\bin\Custom\Indicators\HeadAndShoulders.cs,bd94b250b66b9da228da1f83530565fa85ef92102815fe36b2a5679f4d1571d1,indicators.volatility,C:\Users\srobi\OneDrive\Documents\Data\regimeAwareDiscovery\indicators\volatility.py,compute_head_and_shoulders,volatility,stub_created,not_tested,"timestamp,open,high,low,close,volume",,{},Auto-generated from NT8 indicator source. Needs manual conversion.,2026-04-25 17:00:11,2026-04-25 17:00:11
Hurst,Hurst.cs,C:\Users\srobi\OneDrive\Documents\NinjaTrader 8\bin\Custom\Indicators\Hurst.cs,2271f058bebff6be8ccffbb575b05535e8dc483485fbf0c2c0ac90b14b87c691,indicators.volatility,C:\Users\srobi\OneDrive\Documents\Data\regimeAwareDiscovery\indicators\volatility.py,compute_hurst,volatility,stub_created,not_tested,"timestamp,open,high,low,close,volume",,{},Auto-generated from NT8 indicator source. Needs manual conversion.,2026-04-25 17:00:11,2026-04-25 17:00:11
IchimokuCloud,@IchimokuCloud.cs,C:\Users\srobi\OneDrive\Documents\NinjaTrader 8\bin\Custom\Indicators\@IchimokuCloud.cs,ab24e09b3f5ee1ab4e63a0c8449cf1846afc239040f27c148d4b8076206fd86e,indicators.volatility,C:\Users\srobi\OneDrive\Documents\Data\regimeAwareDiscovery\indicators\volatility.py,compute_ichimoku_cloud,volatility,stub_created,not_tested,"timestamp,open,high,low,close,volume",,{},Auto-generated from NT8 indicator source. Needs manual conversion.,2026-04-25 17:00:11,2026-04-25 17:00:11
IsHoliday,isHoliday.cs,C:\Users\srobi\OneDrive\Documents\NinjaTrader 8\bin\Custom\Indicators\isHoliday.cs,ed56a0fad46fe7484d3b0965c0f6306b36731ca328590762e798d0a793138ddf,indicators.volatility,C:\Users\srobi\OneDrive\Documents\Data\regimeAwareDiscovery\indicators\volatility.py,compute_is_holiday,volatility,stub_created,not_tested,"timestamp,open,high,low,close,volume",,{},Auto-generated from NT8 indicator source. Needs manual conversion.,2026-04-25 17:00:11,2026-04-25 17:00:11
IsNewsEventNT,IsNewsEventNT.cs,C:\Users\srobi\OneDrive\Documents\NinjaTrader 8\bin\Custom\Indicators\IsNewsEventNT.cs,f7f78d81ec30a9dbad53c58a32613a735db086ba96051f08905fe3030df41c1d,indicators.volatility,C:\Users\srobi\OneDrive\Documents\Data\regimeAwareDiscovery\indicators\volatility.py,compute_is_news_event_nt,volatility,stub_created,not_tested,"timestamp,open,high,low,close,volume",,{},Auto-generated from NT8 indicator source. Needs manual conversion.,2026-04-25 17:00:11,2026-04-25 17:00:11
KAMA,@KAMA.cs,C:\Users\srobi\OneDrive\Documents\NinjaTrader 8\bin\Custom\Indicators\@KAMA.cs,53fa1be6cd2b8db996434b3825f19810adc89b0d240f5ad9022f19dda2368aed,indicators.volatility,C:\Users\srobi\OneDrive\Documents\Data\regimeAwareDiscovery\indicators\volatility.py,compute_kama,volatility,stub_created,not_tested,"timestamp,open,high,low,close,volume",,{},Auto-generated from NT8 indicator source. Needs manual conversion.,2026-04-25 17:00:11,2026-04-25 17:00:11
KeltnerChannel,@KeltnerChannel.cs,C:\Users\srobi\OneDrive\Documents\NinjaTrader 8\bin\Custom\Indicators\@KeltnerChannel.cs,79a1c095752be17bf71080eb38e7ebb072d4d950788866d007b93bc107ace0c4,indicators.volatility,C:\Users\srobi\OneDrive\Documents\Data\regimeAwareDiscovery\indicators\volatility.py,compute_keltner_channel,volatility,stub_created,not_tested,"timestamp,open,high,low,close,volume",,{},Auto-generated from NT8 indicator source. Needs manual conversion.,2026-04-25 17:00:11,2026-04-25 17:00:11
KeyReversalDown,@KeyReversalDown.cs,C:\Users\srobi\OneDrive\Documents\NinjaTrader 8\bin\Custom\Indicators\@KeyReversalDown.cs,a8cc2588d9bcca86c73d1bb44adb73c36b8964ef81227abe26913c614a1bd111,indicators.volatility,C:\Users\srobi\OneDrive\Documents\Data\regimeAwareDiscovery\indicators\volatility.py,compute_key_reversal_down,volatility,stub_created,not_tested,"timestamp,open,high,low,close,volume",,{},Auto-generated from NT8 indicator source. Needs manual conversion.,2026-04-25 17:00:11,2026-04-25 17:00:11
KeyReversalUp,@KeyReversalUp.cs,C:\Users\srobi\OneDrive\Documents\NinjaTrader 8\bin\Custom\Indicators\@KeyReversalUp.cs,438285f40b5b2eba0450537e18ff51c3b27308fd5ed8e4ec41b69b8148621435,indicators.volatility,C:\Users\srobi\OneDrive\Documents\Data\regimeAwareDiscovery\indicators\volatility.py,compute_key_reversal_up,volatility,stub_created,not_tested,"timestamp,open,high,low,close,volume",,{},Auto-generated from NT8 indicator source. Needs manual conversion.,2026-04-25 17:00:11,2026-04-25 17:00:11
LinReg,@LinReg.cs,C:\Users\srobi\OneDrive\Documents\NinjaTrader 8\bin\Custom\Indicators\@LinReg.cs,b7930d8559f4a45f9f8a833274cc5c384630c9f369b003477a0f1f041cbd5e3a,indicators.volatility,C:\Users\srobi\OneDrive\Documents\Data\regimeAwareDiscovery\indicators\volatility.py,compute_lin_reg,volatility,stub_created,not_tested,"timestamp,open,high,low,close,volume",,{},Auto-generated from NT8 indicator source. Needs manual conversion.,2026-04-25 17:00:11,2026-04-25 17:00:11
LinRegIntercept,@LinRegIntercept.cs,C:\Users\srobi\OneDrive\Documents\NinjaTrader 8\bin\Custom\Indicators\@LinRegIntercept.cs,89f87247944c8eefe672ad6fc8980bdbe63a8bd460219f5a1925c941851136ca,indicators.volatility,C:\Users\srobi\OneDrive\Documents\Data\regimeAwareDiscovery\indicators\volatility.py,compute_lin_reg_intercept,volatility,stub_created,not_tested,"timestamp,open,high,low,close,volume",,{},Auto-generated from NT8 indicator source. Needs manual conversion.,2026-04-25 17:00:11,2026-04-25 17:00:11
LinRegSlope,@LinRegSlope.cs,C:\Users\srobi\OneDrive\Documents\NinjaTrader 8\bin\Custom\Indicators\@LinRegSlope.cs,67126a8dce1e186541b5da89ef065803f38c0589b5694f409b93f0773a328c45,indicators.volatility,C:\Users\srobi\OneDrive\Documents\Data\regimeAwareDiscovery\indicators\volatility.py,compute_lin_reg_slope,volatility,stub_created,not_tested,"timestamp,open,high,low,close,volume",,{},Auto-generated from NT8 indicator source. Needs manual conversion.,2026-04-25 17:00:11,2026-04-25 17:00:11
MACD,@MACD.cs,C:\Users\srobi\OneDrive\Documents\NinjaTrader 8\bin\Custom\Indicators\@MACD.cs,849b679ad994c9cfa32de15496ba10174deefd808bb79d57e5a29bf73a5f6128,indicators.volatility,C:\Users\srobi\OneDrive\Documents\Data\regimeAwareDiscovery\indicators\volatility.py,compute_macd,volatility,stub_created,not_tested,"timestamp,open,high,low,close,volume",,{},Auto-generated from NT8 indicator source. Needs manual conversion.,2026-04-25 17:00:11,2026-04-25 17:00:11
MAEnvelopes,@MAEnvelopes.cs,C:\Users\srobi\OneDrive\Documents\NinjaTrader 8\bin\Custom\Indicators\@MAEnvelopes.cs,955909aae55fe76d29dc3a8b025776e0e61383e42f305fc7b03076ef9a231bae,indicators.volatility,C:\Users\srobi\OneDrive\Documents\Data\regimeAwareDiscovery\indicators\volatility.py,compute_maenvelopes,volatility,stub_created,not_tested,"timestamp,open,high,low,close,volume",,{},Auto-generated from NT8 indicator source. Needs manual conversion.,2026-04-25 17:00:11,2026-04-25 17:00:11
MAMA,@MAMA.cs,C:\Users\srobi\OneDrive\Documents\NinjaTrader 8\bin\Custom\Indicators\@MAMA.cs,f5f429187b3cf8f5c38807f1eb7e12fdd1a66ea74b756739499130513c2fde1e,indicators.volatility,C:\Users\srobi\OneDrive\Documents\Data\regimeAwareDiscovery\indicators\volatility.py,compute_mama,volatility,stub_created,not_tested,"timestamp,open,high,low,close,volume",,{},Auto-generated from NT8 indicator source. Needs manual conversion.,2026-04-25 17:00:11,2026-04-25 17:00:11
MAX,@MAX.cs,C:\Users\srobi\OneDrive\Documents\NinjaTrader 8\bin\Custom\Indicators\@MAX.cs,4d204a975e161bc2e4badbc66a911b6501cde2112f56e6565f2342d92313368a,indicators.volatility,C:\Users\srobi\OneDrive\Documents\Data\regimeAwareDiscovery\indicators\volatility.py,compute_max,volatility,stub_created,not_tested,"timestamp,open,high,low,close,volume",,{},Auto-generated from NT8 indicator source. Needs manual conversion.,2026-04-25 17:00:11,2026-04-25 17:00:11
MFI,@MFI.cs,C:\Users\srobi\OneDrive\Documents\NinjaTrader 8\bin\Custom\Indicators\@MFI.cs,22c451ec9ab988c2d72f16d57ecb0a92c032be54abf60190ad33fbbcdad26f9b,indicators.volatility,C:\Users\srobi\OneDrive\Documents\Data\regimeAwareDiscovery\indicators\volatility.py,compute_mfi,volatility,stub_created,not_tested,"timestamp,open,high,low,close,volume",,{},Auto-generated from NT8 indicator source. Needs manual conversion.,2026-04-25 17:00:11,2026-04-25 17:00:11
MIN,@MIN.cs,C:\Users\srobi\OneDrive\Documents\NinjaTrader 8\bin\Custom\Indicators\@MIN.cs,0501cda6e8d84da61d38a1a2d03976324dd9b040c78a425bf2dde23645150c90,indicators.volatility,C:\Users\srobi\OneDrive\Documents\Data\regimeAwareDiscovery\indicators\volatility.py,compute_min,volatility,stub_created,not_tested,"timestamp,open,high,low,close,volume",,{},Auto-generated from NT8 indicator source. Needs manual conversion.,2026-04-25 17:00:11,2026-04-25 17:00:11
MTD,MTD.cs,C:\Users\srobi\OneDrive\Documents\NinjaTrader 8\bin\Custom\Indicators\MTD.cs,01476c56f0b0867dc332a4a427bc87352aa0e2255c5acef6e3dd0fbe1510fab6,indicators.volatility,C:\Users\srobi\OneDrive\Documents\Data\regimeAwareDiscovery\indicators\volatility.py,compute_mtd,volatility,stub_created,not_tested,"timestamp,open,high,low,close,volume",,{},Auto-generated from NT8 indicator source. Needs manual conversion.,2026-04-25 17:00:11,2026-04-25 17:00:11
McClellanOscillator,@McClellanOscillator.cs,C:\Users\srobi\OneDrive\Documents\NinjaTrader 8\bin\Custom\Indicators\@McClellanOscillator.cs,ea545d10f3bf97b463b71bd2c1ee1fcfa80ecd3d48fc96b8d0a81e858b29a2b5,indicators.volatility,C:\Users\srobi\OneDrive\Documents\Data\regimeAwareDiscovery\indicators\volatility.py,compute_mc_clellan_oscillator,volatility,stub_created,not_tested,"timestamp,open,high,low,close,volume",,{},Auto-generated from NT8 indicator source. Needs manual conversion.,2026-04-25 17:00:11,2026-04-25 17:00:11
Momentum,@Momentum.cs,C:\Users\srobi\OneDrive\Documents\NinjaTrader 8\bin\Custom\Indicators\@Momentum.cs,fa5b99acd577f14e3af67420ca7b185f5d815118fd1dafb8fbc5eae9dd6bfb4f,indicators.volatility,C:\Users\srobi\OneDrive\Documents\Data\regimeAwareDiscovery\indicators\volatility.py,compute_momentum,volatility,stub_created,not_tested,"timestamp,open,high,low,close,volume",,{},Auto-generated from NT8 indicator source. Needs manual conversion.,2026-04-25 17:00:11,2026-04-25 17:00:11
MoneyFlowOscillator,@MoneyFlowOscillator.cs,C:\Users\srobi\OneDrive\Documents\NinjaTrader 8\bin\Custom\Indicators\@MoneyFlowOscillator.cs,1e63f260cdf3723302451a79a3799a3d9a43ea9b25b65fb5599c33f6e4383dbd,indicators.volatility,C:\Users\srobi\OneDrive\Documents\Data\regimeAwareDiscovery\indicators\volatility.py,compute_money_flow_oscillator,volatility,stub_created,not_tested,"timestamp,open,high,low,close,volume",,{},Auto-generated from NT8 indicator source. Needs manual conversion.,2026-04-25 17:00:11,2026-04-25 17:00:11
MovingAverageRibbon,@MovingAverageRibbon.cs,C:\Users\srobi\OneDrive\Documents\NinjaTrader 8\bin\Custom\Indicators\@MovingAverageRibbon.cs,713e3ec762cf8c38cf1a6128cb2558fe63af4d57e73226ddb24e8e552b783e86,indicators.volatility,C:\Users\srobi\OneDrive\Documents\Data\regimeAwareDiscovery\indicators\volatility.py,compute_moving_average_ribbon,volatility,stub_created,not_tested,"timestamp,open,high,low,close,volume",,{},Auto-generated from NT8 indicator source. Needs manual conversion.,2026-04-25 17:00:11,2026-04-25 17:00:11
NBarsDown,@NBarsDown.cs,C:\Users\srobi\OneDrive\Documents\NinjaTrader 8\bin\Custom\Indicators\@NBarsDown.cs,b652c84b7d3c84dce181fef2318f73cefcc55d6b72ade4d2740624f7e01769f8,indicators.volatility,C:\Users\srobi\OneDrive\Documents\Data\regimeAwareDiscovery\indicators\volatility.py,compute_nbars_down,volatility,stub_created,not_tested,"timestamp,open,high,low,close,volume",,{},Auto-generated from NT8 indicator source. Needs manual conversion.,2026-04-25 17:00:11,2026-04-25 17:00:11
NBarsUp,@NBarsUp.cs,C:\Users\srobi\OneDrive\Documents\NinjaTrader 8\bin\Custom\Indicators\@NBarsUp.cs,9e306a9fd976606d6af338dd3d9cdc3292914b5929b8dfb05bd046f9f6ea44ee,indicators.volatility,C:\Users\srobi\OneDrive\Documents\Data\regimeAwareDiscovery\indicators\volatility.py,compute_nbars_up,volatility,stub_created,not_tested,"timestamp,open,high,low,close,volume",,{},Auto-generated from NT8 indicator source. Needs manual conversion.,2026-04-25 17:00:11,2026-04-25 17:00:11
NetChangeDisplay,@NetChangeDisplay.cs,C:\Users\srobi\OneDrive\Documents\NinjaTrader 8\bin\Custom\Indicators\@NetChangeDisplay.cs,5cdede242922f8e3ff92cc62115977334c7bca97578a55c1dbc99d889c3ecbfe,indicators.volatility,C:\Users\srobi\OneDrive\Documents\Data\regimeAwareDiscovery\indicators\volatility.py,compute_net_change_display,volatility,stub_created,not_tested,"timestamp,open,high,low,close,volume",,{},Auto-generated from NT8 indicator source. Needs manual conversion.,2026-04-25 17:00:11,2026-04-25 17:00:11
OBV,@OBV.cs,C:\Users\srobi\OneDrive\Documents\NinjaTrader 8\bin\Custom\Indicators\@OBV.cs,6620449cea4619a0865d416ddc6630a433d6c5ef7e5fa32d7c1179d780e36e72,indicators.volatility,C:\Users\srobi\OneDrive\Documents\Data\regimeAwareDiscovery\indicators\volatility.py,compute_obv,volatility,stub_created,not_tested,"timestamp,open,high,low,close,volume",,{},Auto-generated from NT8 indicator source. Needs manual conversion.,2026-04-25 17:00:11,2026-04-25 17:00:11
OHLC,OHLC.cs,C:\Users\srobi\OneDrive\Documents\NinjaTrader 8\bin\Custom\Indicators\OHLC.cs,c9f8ef88ad4247459b6b36a6bb4f7863bc2e2b3a50d882575291b9bd029aabce,indicators.volatility,C:\Users\srobi\OneDrive\Documents\Data\regimeAwareDiscovery\indicators\volatility.py,compute_ohlc,volatility,stub_created,not_tested,"timestamp,open,high,low,close,volume",,{},Auto-generated from NT8 indicator source. Needs manual conversion.,2026-04-25 17:00:11,2026-04-25 17:00:11
PFE,@PFE.cs,C:\Users\srobi\OneDrive\Documents\NinjaTrader 8\bin\Custom\Indicators\@PFE.cs,dfdf0818d7d013ed11065509b232457c96e8c8b500d1ac9800f832dddd8b8e9f,indicators.volatility,C:\Users\srobi\OneDrive\Documents\Data\regimeAwareDiscovery\indicators\volatility.py,compute_pfe,volatility,stub_created,not_tested,"timestamp,open,high,low,close,volume",,{},Auto-generated from NT8 indicator source. Needs manual conversion.,2026-04-25 17:00:11,2026-04-25 17:00:11
PPMRegimeFilter,PPMRegimeFilter.cs,C:\Users\srobi\OneDrive\Documents\NinjaTrader 8\bin\Custom\Indicators\PPMRegimeFilter.cs,05efc52a6f85089eb7509c378776947f4401931e2ad2584bb5ae00065a074017,indicators.volatility,C:\Users\srobi\OneDrive\Documents\Data\regimeAwareDiscovery\indicators\volatility.py,compute_ppmregime_filter,volatility,stub_created,not_tested,"timestamp,open,high,low,close,volume",,{},Auto-generated from NT8 indicator source. Needs manual conversion.,2026-04-25 17:00:11,2026-04-25 17:00:11
PPMRegimeParityExport,PPMRegimeParityExport.cs,C:\Users\srobi\OneDrive\Documents\NinjaTrader 8\bin\Custom\Indicators\PPMRegimeParityExport.cs,9b11ee3d706a2fa81352a6216d18668172aa5706536ed8b9821b93a8e701d30b,indicators.volatility,C:\Users\srobi\OneDrive\Documents\Data\regimeAwareDiscovery\indicators\volatility.py,compute_ppmregime_parity_export,volatility,stub_created,not_tested,"timestamp,open,high,low,close,volume",,{},Auto-generated from NT8 indicator source. Needs manual conversion.,2026-04-25 17:00:11,2026-04-25 17:00:11
PPO,@PPO.cs,C:\Users\srobi\OneDrive\Documents\NinjaTrader 8\bin\Custom\Indicators\@PPO.cs,fbd77d11c623d6bf51f6496842ce0bbaed1c38fb5cb8e31041f5f0b233385fcc,indicators.volatility,C:\Users\srobi\OneDrive\Documents\Data\regimeAwareDiscovery\indicators\volatility.py,compute_ppo,volatility,stub_created,not_tested,"timestamp,open,high,low,close,volume",,{},Auto-generated from NT8 indicator source. Needs manual conversion.,2026-04-25 17:00:11,2026-04-25 17:00:11
ParabolicSAR,@ParabolicSAR.cs,C:\Users\srobi\OneDrive\Documents\NinjaTrader 8\bin\Custom\Indicators\@ParabolicSAR.cs,9a802a73272ea31e316fddbc14520c0e50fc3d989ea065052fff76a78df4e911,indicators.volatility,C:\Users\srobi\OneDrive\Documents\Data\regimeAwareDiscovery\indicators\volatility.py,compute_parabolic_sar,volatility,stub_created,not_tested,"timestamp,open,high,low,close,volume",,{},Auto-generated from NT8 indicator source. Needs manual conversion.,2026-04-25 17:00:11,2026-04-25 17:00:11
PivotPoint,PivotPoint.cs,C:\Users\srobi\OneDrive\Documents\NinjaTrader 8\bin\Custom\Indicators\PivotPoint.cs,2768d2533e2e9d63d2ae8d860f602bc4045e9523ea5b25150b41fedb56a46070,indicators.volatility,C:\Users\srobi\OneDrive\Documents\Data\regimeAwareDiscovery\indicators\volatility.py,compute_pivot_point,volatility,stub_created,not_tested,"timestamp,open,high,low,close,volume",,{},Auto-generated from NT8 indicator source. Needs manual conversion.,2026-04-25 17:00:11,2026-04-25 17:00:11
Pivots,@Pivots.cs,C:\Users\srobi\OneDrive\Documents\NinjaTrader 8\bin\Custom\Indicators\@Pivots.cs,7c2f264cbd29e4493727b94de8eb4dd1d1db2d74e9344e59b75ca292581cb851,indicators.volatility,C:\Users\srobi\OneDrive\Documents\Data\regimeAwareDiscovery\indicators\volatility.py,compute_pivots,volatility,stub_created,not_tested,"timestamp,open,high,low,close,volume",,{},Auto-generated from NT8 indicator source. Needs manual conversion.,2026-04-25 17:00:11,2026-04-25 17:00:11
PriceLine,@PriceLine.cs,C:\Users\srobi\OneDrive\Documents\NinjaTrader 8\bin\Custom\Indicators\@PriceLine.cs,2a1ce9deef28b3e0fef115c5133c374a504e571d15a65c0be7c6500787b80322,indicators.volatility,C:\Users\srobi\OneDrive\Documents\Data\regimeAwareDiscovery\indicators\volatility.py,compute_price_line,volatility,stub_created,not_tested,"timestamp,open,high,low,close,volume",,{},Auto-generated from NT8 indicator source. Needs manual conversion.,2026-04-25 17:00:11,2026-04-25 17:00:11
PriceOscillator,@PriceOscillator.cs,C:\Users\srobi\OneDrive\Documents\NinjaTrader 8\bin\Custom\Indicators\@PriceOscillator.cs,3b080d1a1e3641f50bb7e0cddce376a58923c4e513b00941bcc23308005f1f96,indicators.volatility,C:\Users\srobi\OneDrive\Documents\Data\regimeAwareDiscovery\indicators\volatility.py,compute_price_oscillator,volatility,stub_created,not_tested,"timestamp,open,high,low,close,volume",,{},Auto-generated from NT8 indicator source. Needs manual conversion.,2026-04-25 17:00:11,2026-04-25 17:00:11
PriorDayOHLC,@PriorDayOHLC.cs,C:\Users\srobi\OneDrive\Documents\NinjaTrader 8\bin\Custom\Indicators\@PriorDayOHLC.cs,d158c928769830b564597e10149514ee4e298088ed7491ac886f73ea0c3631e9,indicators.volatility,C:\Users\srobi\OneDrive\Documents\Data\regimeAwareDiscovery\indicators\volatility.py,compute_prior_day_ohlc,volatility,stub_created,not_tested,"timestamp,open,high,low,close,volume",,{},Auto-generated from NT8 indicator source. Needs manual conversion.,2026-04-25 17:00:11,2026-04-25 17:00:11
PsychologicalLine,@PsychologicalLine.cs,C:\Users\srobi\OneDrive\Documents\NinjaTrader 8\bin\Custom\Indicators\@PsychologicalLine.cs,0ad90971e639b4bc8930ed7c7920d26b9d47f9cc0ae9974b75fb501434743c04,indicators.volatility,C:\Users\srobi\OneDrive\Documents\Data\regimeAwareDiscovery\indicators\volatility.py,compute_psychological_line,volatility,stub_created,not_tested,"timestamp,open,high,low,close,volume",,{},Auto-generated from NT8 indicator source. Needs manual conversion.,2026-04-25 17:00:11,2026-04-25 17:00:11
QTD,QTD.cs,C:\Users\srobi\OneDrive\Documents\NinjaTrader 8\bin\Custom\Indicators\QTD.cs,67d24f07cec3ae917e36af343689703b14cebcd65d1538916e32903cec81d871,indicators.volatility,C:\Users\srobi\OneDrive\Documents\Data\regimeAwareDiscovery\indicators\volatility.py,compute_qtd,volatility,stub_created,not_tested,"timestamp,open,high,low,close,volume",,{},Auto-generated from NT8 indicator source. Needs manual conversion.,2026-04-25 17:00:11,2026-04-25 17:00:11
Quarter,Quarter.cs,C:\Users\srobi\OneDrive\Documents\NinjaTrader 8\bin\Custom\Indicators\Quarter.cs,0a9b65d51759aea0224ab8b0569728104eb77545c73d01e032281cdd56287847,indicators.volatility,C:\Users\srobi\OneDrive\Documents\Data\regimeAwareDiscovery\indicators\volatility.py,compute_quarter,volatility,stub_created,not_tested,"timestamp,open,high,low,close,volume",,{},Auto-generated from NT8 indicator source. Needs manual conversion.,2026-04-25 17:00:11,2026-04-25 17:00:11
R1,R1.cs,C:\Users\srobi\OneDrive\Documents\NinjaTrader 8\bin\Custom\Indicators\R1.cs,8eed2756876611353c3bbd850c472aa761eac7bbc6902506024e5027add69c8c,indicators.volatility,C:\Users\srobi\OneDrive\Documents\Data\regimeAwareDiscovery\indicators\volatility.py,compute_r1,volatility,stub_created,not_tested,"timestamp,open,high,low,close,volume",,{},Auto-generated from NT8 indicator source. Needs manual conversion.,2026-04-25 17:00:11,2026-04-25 17:00:11
R2,R2.cs,C:\Users\srobi\OneDrive\Documents\NinjaTrader 8\bin\Custom\Indicators\R2.cs,7747210bc001a7926d51155049b2cea6680944897eafb5e3aad4098e2d6877e1,indicators.volatility,C:\Users\srobi\OneDrive\Documents\Data\regimeAwareDiscovery\indicators\volatility.py,compute_r2,volatility,stub_created,not_tested,"timestamp,open,high,low,close,volume",,{},Auto-generated from NT8 indicator source. Needs manual conversion.,2026-04-25 17:00:11,2026-04-25 17:00:11
RIND,@RIND.cs,C:\Users\srobi\OneDrive\Documents\NinjaTrader 8\bin\Custom\Indicators\@RIND.cs,18d06b65ace553b83d98c6a3c0e67236bc952d6d40b2fecadc39e5c86873b911,indicators.volatility,C:\Users\srobi\OneDrive\Documents\Data\regimeAwareDiscovery\indicators\volatility.py,compute_rind,volatility,stub_created,not_tested,"timestamp,open,high,low,close,volume",,{},Auto-generated from NT8 indicator source. Needs manual conversion.,2026-04-25 17:00:11,2026-04-25 17:00:11
ROC,@ROC.cs,C:\Users\srobi\OneDrive\Documents\NinjaTrader 8\bin\Custom\Indicators\@ROC.cs,10feed4662d4a1432932c431bd0b23dfbcaec938aa1aaa09d14939ece526e5ce,indicators.volatility,C:\Users\srobi\OneDrive\Documents\Data\regimeAwareDiscovery\indicators\volatility.py,compute_roc,volatility,stub_created,not_tested,"timestamp,open,high,low,close,volume",,{},Auto-generated from NT8 indicator source. Needs manual conversion.,2026-04-25 17:00:11,2026-04-25 17:00:11
RSI,@RSI.cs,C:\Users\srobi\OneDrive\Documents\NinjaTrader 8\bin\Custom\Indicators\@RSI.cs,5f7699970965fd6a60a687a1ada42776645357fe9601b3827364cce3cfa3a96d,indicators.volatility,C:\Users\srobi\OneDrive\Documents\Data\regimeAwareDiscovery\indicators\volatility.py,compute_rsi,volatility,stub_created,not_tested,"timestamp,open,high,low,close,volume",,{},Auto-generated from NT8 indicator source. Needs manual conversion.,2026-04-25 17:00:11,2026-04-25 17:00:11
RSS,@RSS.cs,C:\Users\srobi\OneDrive\Documents\NinjaTrader 8\bin\Custom\Indicators\@RSS.cs,7f3c3967d5c54d301bcb1a067a3e17ff580cb4addab6f6aa97cfcf1479efce82,indicators.volatility,C:\Users\srobi\OneDrive\Documents\Data\regimeAwareDiscovery\indicators\volatility.py,compute_rss,volatility,stub_created,not_tested,"timestamp,open,high,low,close,volume",,{},Auto-generated from NT8 indicator source. Needs manual conversion.,2026-04-25 17:00:11,2026-04-25 17:00:11
RSquared,@RSquared.cs,C:\Users\srobi\OneDrive\Documents\NinjaTrader 8\bin\Custom\Indicators\@RSquared.cs,232158efafb250e4b841d85d632608d132c41a7c14e4c7452c43fa0ff8eeca71,indicators.volatility,C:\Users\srobi\OneDrive\Documents\Data\regimeAwareDiscovery\indicators\volatility.py,compute_rsquared,volatility,stub_created,not_tested,"timestamp,open,high,low,close,volume",,{},Auto-generated from NT8 indicator source. Needs manual conversion.,2026-04-25 17:00:11,2026-04-25 17:00:11
RVI,@RVI.cs,C:\Users\srobi\OneDrive\Documents\NinjaTrader 8\bin\Custom\Indicators\@RVI.cs,9670b49db9004439b72999349c64fcbddd8d8c4788db5c3b6e0f8c1847c44f10,indicators.volatility,C:\Users\srobi\OneDrive\Documents\Data\regimeAwareDiscovery\indicators\volatility.py,compute_rvi,volatility,stub_created,not_tested,"timestamp,open,high,low,close,volume",,{},Auto-generated from NT8 indicator source. Needs manual conversion.,2026-04-25 17:00:11,2026-04-25 17:00:11
Range,@Range.cs,C:\Users\srobi\OneDrive\Documents\NinjaTrader 8\bin\Custom\Indicators\@Range.cs,ceddcdf84e2551ae1f13f37f07c2a7eb4c2a228729d70eea1d92eca64d77d243,indicators.volatility,C:\Users\srobi\OneDrive\Documents\Data\regimeAwareDiscovery\indicators\volatility.py,compute_range,volatility,stub_created,not_tested,"timestamp,open,high,low,close,volume",,{},Auto-generated from NT8 indicator source. Needs manual conversion.,2026-04-25 17:00:11,2026-04-25 17:00:11
RangeCounter,@RangeCounter.cs,C:\Users\srobi\OneDrive\Documents\NinjaTrader 8\bin\Custom\Indicators\@RangeCounter.cs,57c2453e6ca8dab7f20b98a6ad1a561e509b8c3aae6912f6ef2ba452c86da2a4,indicators.volatility,C:\Users\srobi\OneDrive\Documents\Data\regimeAwareDiscovery\indicators\volatility.py,compute_range_counter,volatility,stub_created,not_tested,"timestamp,open,high,low,close,volume",,{},Auto-generated from NT8 indicator source. Needs manual conversion.,2026-04-25 17:00:11,2026-04-25 17:00:11
RegimeClassifierRB1,RegimeClassifierRB1.cs,C:\Users\srobi\OneDrive\Documents\NinjaTrader 8\bin\Custom\Indicators\RegimeClassifierRB1.cs,d48e62169e21cfab42d8613e047d061f2d9cdec9c6f27f9553518e1c4830b469,indicators.volatility,C:\Users\srobi\OneDrive\Documents\Data\regimeAwareDiscovery\indicators\volatility.py,compute_regime_classifier_rb1,volatility,stub_created,not_tested,"timestamp,open,high,low,close,volume",,{},Auto-generated from NT8 indicator source. Needs manual conversion.,2026-04-25 17:00:11,2026-04-25 17:00:11
RegimePivot15min,RegimePivot15min.cs,C:\Users\srobi\OneDrive\Documents\NinjaTrader 8\bin\Custom\Indicators\RegimePivot15min.cs,30686d4f5bdcad6e72da6c9bfbd60f2b74204a2f2d3edde38eefca4444a682c2,indicators.volatility,C:\Users\srobi\OneDrive\Documents\Data\regimeAwareDiscovery\indicators\volatility.py,compute_regime_pivot15min,volatility,stub_created,not_tested,"timestamp,open,high,low,close,volume",,{},Auto-generated from NT8 indicator source. Needs manual conversion.,2026-04-25 17:00:11,2026-04-25 17:00:11
RegimePivot1min,RegimePivot1min.cs,C:\Users\srobi\OneDrive\Documents\NinjaTrader 8\bin\Custom\Indicators\RegimePivot1min.cs,f7c653ee6fc8acf47d3f2371814d767bc69736bc646586e2d455fd66d43dbc6d,indicators.volatility,C:\Users\srobi\OneDrive\Documents\Data\regimeAwareDiscovery\indicators\volatility.py,compute_regime_pivot1min,volatility,stub_created,not_tested,"timestamp,open,high,low,close,volume",,{},Auto-generated from NT8 indicator source. Needs manual conversion.,2026-04-25 17:00:11,2026-04-25 17:00:11
RegressionChannel,@RegressionChannel.cs,C:\Users\srobi\OneDrive\Documents\NinjaTrader 8\bin\Custom\Indicators\@RegressionChannel.cs,d7478ecdc68cd202ac88265588fe98fce8c0d3bc9fec65dc223c7b4c88e4fd93,indicators.volatility,C:\Users\srobi\OneDrive\Documents\Data\regimeAwareDiscovery\indicators\volatility.py,compute_regression_channel,volatility,stub_created,not_tested,"timestamp,open,high,low,close,volume",,{},Auto-generated from NT8 indicator source. Needs manual conversion.,2026-04-25 17:00:11,2026-04-25 17:00:11
RelativeVigorIndex,@RelativeVigorIndex.cs,C:\Users\srobi\OneDrive\Documents\NinjaTrader 8\bin\Custom\Indicators\@RelativeVigorIndex.cs,b065fe4c18a838ecca06679f551f1f5982589f2d1279d33e5291189c8c3567f9,indicators.volatility,C:\Users\srobi\OneDrive\Documents\Data\regimeAwareDiscovery\indicators\volatility.py,compute_relative_vigor_index,volatility,stub_created,not_tested,"timestamp,open,high,low,close,volume",,{},Auto-generated from NT8 indicator source. Needs manual conversion.,2026-04-25 17:00:11,2026-04-25 17:00:11
S1,S1.cs,C:\Users\srobi\OneDrive\Documents\NinjaTrader 8\bin\Custom\Indicators\S1.cs,7e155c3f1da5f545f0b748e37503fcea05ef16489c7636dec7ac468b84bfe43a,indicators.volatility,C:\Users\srobi\OneDrive\Documents\Data\regimeAwareDiscovery\indicators\volatility.py,compute_s1,volatility,stub_created,not_tested,"timestamp,open,high,low,close,volume",,{},Auto-generated from NT8 indicator source. Needs manual conversion.,2026-04-25 17:00:11,2026-04-25 17:00:11
S2,S2.cs,C:\Users\srobi\OneDrive\Documents\NinjaTrader 8\bin\Custom\Indicators\S2.cs,fbb9eb40aab9d8171efb1607ef3048dc1656c8c1101839b79660b7c28e4c6609,indicators.volatility,C:\Users\srobi\OneDrive\Documents\Data\regimeAwareDiscovery\indicators\volatility.py,compute_s2,volatility,stub_created,not_tested,"timestamp,open,high,low,close,volume",,{},Auto-generated from NT8 indicator source. Needs manual conversion.,2026-04-25 17:00:11,2026-04-25 17:00:11
SMA,@SMA.cs,C:\Users\srobi\OneDrive\Documents\NinjaTrader 8\bin\Custom\Indicators\@SMA.cs,145edc75d647fe520e2593b7aacb153f1a1f94a80627baa8c1f8dd2540078d23,indicators.volatility,C:\Users\srobi\OneDrive\Documents\Data\regimeAwareDiscovery\indicators\volatility.py,compute_sma,volatility,stub_created,not_tested,"timestamp,open,high,low,close,volume",,{},Auto-generated from NT8 indicator source. Needs manual conversion.,2026-04-25 17:00:11,2026-04-25 17:00:11
SUM,@SUM.cs,C:\Users\srobi\OneDrive\Documents\NinjaTrader 8\bin\Custom\Indicators\@SUM.cs,5f9613c60b56f56648ffe2a5845c20bdc1eb52f4b76d642d4148cd2541c7f053,indicators.volatility,C:\Users\srobi\OneDrive\Documents\Data\regimeAwareDiscovery\indicators\volatility.py,compute_sum,volatility,stub_created,not_tested,"timestamp,open,high,low,close,volume",,{},Auto-generated from NT8 indicator source. Needs manual conversion.,2026-04-25 17:00:11,2026-04-25 17:00:11
Sam0SignalIndicator,sam0.cs,C:\Users\srobi\OneDrive\Documents\NinjaTrader 8\bin\Custom\Indicators\sam0.cs,fbb961b53ebb7093e5b4e7498814c3456ba4f40e338d4d61bbbcc12d40bf0e80,indicators.volatility,C:\Users\srobi\OneDrive\Documents\Data\regimeAwareDiscovery\indicators\volatility.py,compute_sam0_signal_indicator,volatility,stub_created,not_tested,"timestamp,open,high,low,close,volume",,{},Auto-generated from NT8 indicator source. Needs manual conversion.,2026-04-25 17:00:11,2026-04-25 17:00:11
SampleCustomRender,@SampleCustomRender.cs,C:\Users\srobi\OneDrive\Documents\NinjaTrader 8\bin\Custom\Indicators\@SampleCustomRender.cs,b01ae61b4fd7c774cbd913bbeb1fbc9a6fc515b2ec0b3bbb5c7a99620a839215,indicators.volatility,C:\Users\srobi\OneDrive\Documents\Data\regimeAwareDiscovery\indicators\volatility.py,compute_sample_custom_render,volatility,stub_created,not_tested,"timestamp,open,high,low,close,volume",,{},Auto-generated from NT8 indicator source. Needs manual conversion.,2026-04-25 17:00:11,2026-04-25 17:00:11
StdDev,@StdDev.cs,C:\Users\srobi\OneDrive\Documents\NinjaTrader 8\bin\Custom\Indicators\@StdDev.cs,4631f90a4f4bf2741f7e22fde280e9e52174a80a6359704538ed1f24454cc33a,indicators.volatility,C:\Users\srobi\OneDrive\Documents\Data\regimeAwareDiscovery\indicators\volatility.py,compute_std_dev,volatility,stub_created,not_tested,"timestamp,open,high,low,close,volume",,{},Auto-generated from NT8 indicator source. Needs manual conversion.,2026-04-25 17:00:11,2026-04-25 17:00:11
StdError,@StdError.cs,C:\Users\srobi\OneDrive\Documents\NinjaTrader 8\bin\Custom\Indicators\@StdError.cs,ba61938c97b0ab8342bdacaad8c0ac61fa843e390ec0296e1bd6a45f2072bd3a,indicators.volatility,C:\Users\srobi\OneDrive\Documents\Data\regimeAwareDiscovery\indicators\volatility.py,compute_std_error,volatility,stub_created,not_tested,"timestamp,open,high,low,close,volume",,{},Auto-generated from NT8 indicator source. Needs manual conversion.,2026-04-25 17:00:11,2026-04-25 17:00:11
StochRSI,@StochRSI.cs,C:\Users\srobi\OneDrive\Documents\NinjaTrader 8\bin\Custom\Indicators\@StochRSI.cs,f907e6607c0c90853fb8bb9028b72d669c8adc975c7ab70e2eed2b8192152ec4,indicators.volatility,C:\Users\srobi\OneDrive\Documents\Data\regimeAwareDiscovery\indicators\volatility.py,compute_stoch_rsi,volatility,stub_created,not_tested,"timestamp,open,high,low,close,volume",,{},Auto-generated from NT8 indicator source. Needs manual conversion.,2026-04-25 17:00:11,2026-04-25 17:00:11
Stochastics,@Stochastics.cs,C:\Users\srobi\OneDrive\Documents\NinjaTrader 8\bin\Custom\Indicators\@Stochastics.cs,f9091a78cc478a2afe97e8a7afc620efb76ff6bf44e539aa72130487d4b30385,indicators.volatility,C:\Users\srobi\OneDrive\Documents\Data\regimeAwareDiscovery\indicators\volatility.py,compute_stochastics,volatility,stub_created,not_tested,"timestamp,open,high,low,close,volume",,{},Auto-generated from NT8 indicator source. Needs manual conversion.,2026-04-25 17:00:11,2026-04-25 17:00:11
StochasticsFast,@StochasticsFast.cs,C:\Users\srobi\OneDrive\Documents\NinjaTrader 8\bin\Custom\Indicators\@StochasticsFast.cs,a6c5c98d5a632a9bd07cb8767dd4f1af7e6857b4b383565859d94af814e59f71,indicators.volatility,C:\Users\srobi\OneDrive\Documents\Data\regimeAwareDiscovery\indicators\volatility.py,compute_stochastics_fast,volatility,stub_created,not_tested,"timestamp,open,high,low,close,volume",,{},Auto-generated from NT8 indicator source. Needs manual conversion.,2026-04-25 17:00:11,2026-04-25 17:00:11
StratGenCandlestickPattern,StratGenCandleStickPattern.cs,C:\Users\srobi\OneDrive\Documents\NinjaTrader 8\bin\Custom\Indicators\StratGenCandleStickPattern.cs,bea47c280865e91ef27b4f81923e90e961b2d0e8c73911c77c47736b570f18eb,indicators.volatility,C:\Users\srobi\OneDrive\Documents\Data\regimeAwareDiscovery\indicators\volatility.py,compute_strat_gen_candlestick_pattern,volatility,stub_created,not_tested,"timestamp,open,high,low,close,volume",,{},Auto-generated from NT8 indicator source. Needs manual conversion.,2026-04-25 17:00:11,2026-04-25 17:00:11
Swing,@Swing.cs,C:\Users\srobi\OneDrive\Documents\NinjaTrader 8\bin\Custom\Indicators\@Swing.cs,1bb470202fa9c4ae2141538998f29828484044c782272bca57ed6e2e12ce891b,indicators.volatility,C:\Users\srobi\OneDrive\Documents\Data\regimeAwareDiscovery\indicators\volatility.py,compute_swing,volatility,stub_created,not_tested,"timestamp,open,high,low,close,volume",,{},Auto-generated from NT8 indicator source. Needs manual conversion.,2026-04-25 17:00:11,2026-04-25 17:00:11
T3,@T3.cs,C:\Users\srobi\OneDrive\Documents\NinjaTrader 8\bin\Custom\Indicators\@T3.cs,7f1a4563db37d9a1097c9f8ea01c61936758c610706e7318ac7029a26c46af32,indicators.volatility,C:\Users\srobi\OneDrive\Documents\Data\regimeAwareDiscovery\indicators\volatility.py,compute_t3,volatility,stub_created,not_tested,"timestamp,open,high,low,close,volume",,{},Auto-generated from NT8 indicator source. Needs manual conversion.,2026-04-25 17:00:11,2026-04-25 17:00:11
TEMA,@TEMA.cs,C:\Users\srobi\OneDrive\Documents\NinjaTrader 8\bin\Custom\Indicators\@TEMA.cs,50216492e775a5d5cdf2390ff053ad7c08474740334f3c3f49087fdbacc83350,indicators.volatility,C:\Users\srobi\OneDrive\Documents\Data\regimeAwareDiscovery\indicators\volatility.py,compute_tema,volatility,stub_created,not_tested,"timestamp,open,high,low,close,volume",,{},Auto-generated from NT8 indicator source. Needs manual conversion.,2026-04-25 17:00:11,2026-04-25 17:00:11
TMA,@TMA.cs,C:\Users\srobi\OneDrive\Documents\NinjaTrader 8\bin\Custom\Indicators\@TMA.cs,c3142af50074231998325f10607cb0df174206451bf2722945576a6ef44f9c91,indicators.volatility,C:\Users\srobi\OneDrive\Documents\Data\regimeAwareDiscovery\indicators\volatility.py,compute_tma,volatility,stub_created,not_tested,"timestamp,open,high,low,close,volume",,{},Auto-generated from NT8 indicator source. Needs manual conversion.,2026-04-25 17:00:11,2026-04-25 17:00:11
TRIX,@TRIX.cs,C:\Users\srobi\OneDrive\Documents\NinjaTrader 8\bin\Custom\Indicators\@TRIX.cs,7ec1b68d04ccf78da530b119fd59eed2b1256e1a3a6eb3adb62655cde56847f4,indicators.volatility,C:\Users\srobi\OneDrive\Documents\Data\regimeAwareDiscovery\indicators\volatility.py,compute_trix,volatility,stub_created,not_tested,"timestamp,open,high,low,close,volume",,{},Auto-generated from NT8 indicator source. Needs manual conversion.,2026-04-25 17:00:11,2026-04-25 17:00:11
TSF,@TSF.cs,C:\Users\srobi\OneDrive\Documents\NinjaTrader 8\bin\Custom\Indicators\@TSF.cs,f9df67734280197ed8d4ebf936b183fc31228449d827e9c2ec4ee4b3cf91b3b5,indicators.volatility,C:\Users\srobi\OneDrive\Documents\Data\regimeAwareDiscovery\indicators\volatility.py,compute_tsf,volatility,stub_created,not_tested,"timestamp,open,high,low,close,volume",,{},Auto-generated from NT8 indicator source. Needs manual conversion.,2026-04-25 17:00:11,2026-04-25 17:00:11
TSI,@TSI.cs,C:\Users\srobi\OneDrive\Documents\NinjaTrader 8\bin\Custom\Indicators\@TSI.cs,082c755f07d29f2fea6a54f8c9ca8d26f1b9ef888a3432347d42105c7d2712f5,indicators.volatility,C:\Users\srobi\OneDrive\Documents\Data\regimeAwareDiscovery\indicators\volatility.py,compute_tsi,volatility,stub_created,not_tested,"timestamp,open,high,low,close,volume",,{},Auto-generated from NT8 indicator source. Needs manual conversion.,2026-04-25 17:00:11,2026-04-25 17:00:11
TickCounter,@TickCounter.cs,C:\Users\srobi\OneDrive\Documents\NinjaTrader 8\bin\Custom\Indicators\@TickCounter.cs,7e4557230e32c979b1df41f526123c584c4c665d79d1ac5641369b6b5df74685,indicators.volatility,C:\Users\srobi\OneDrive\Documents\Data\regimeAwareDiscovery\indicators\volatility.py,compute_tick_counter,volatility,stub_created,not_tested,"timestamp,open,high,low,close,volume",,{},Auto-generated from NT8 indicator source. Needs manual conversion.,2026-04-25 17:00:11,2026-04-25 17:00:11
TrendLines,@TrendLines.cs,C:\Users\srobi\OneDrive\Documents\NinjaTrader 8\bin\Custom\Indicators\@TrendLines.cs,63f0da0c1c4dbbd2bea5942486a7744a50103e3ac062633fb248cdf3a57e4ea3,indicators.volatility,C:\Users\srobi\OneDrive\Documents\Data\regimeAwareDiscovery\indicators\volatility.py,compute_trend_lines,volatility,stub_created,not_tested,"timestamp,open,high,low,close,volume",,{},Auto-generated from NT8 indicator source. Needs manual conversion.,2026-04-25 17:00:11,2026-04-25 17:00:11
UltimateOscillator,@UltimateOscillator.cs,C:\Users\srobi\OneDrive\Documents\NinjaTrader 8\bin\Custom\Indicators\@UltimateOscillator.cs,2e4168ba1380eecf60d0016f44f286f9c2c41d769b4fb6838911f74eea712099,indicators.volatility,C:\Users\srobi\OneDrive\Documents\Data\regimeAwareDiscovery\indicators\volatility.py,compute_ultimate_oscillator,volatility,stub_created,not_tested,"timestamp,open,high,low,close,volume",,{},Auto-generated from NT8 indicator source. Needs manual conversion.,2026-04-25 17:00:11,2026-04-25 17:00:11
VMA,@VMA.cs,C:\Users\srobi\OneDrive\Documents\NinjaTrader 8\bin\Custom\Indicators\@VMA.cs,d9b0c1dc302614b6be8c5f28fa249af12a368985b43292cdba83dff25695811b,indicators.volatility,C:\Users\srobi\OneDrive\Documents\Data\regimeAwareDiscovery\indicators\volatility.py,compute_vma,volatility,stub_created,not_tested,"timestamp,open,high,low,close,volume",,{},Auto-generated from NT8 indicator source. Needs manual conversion.,2026-04-25 17:00:11,2026-04-25 17:00:11
VOL,@VOL.cs,C:\Users\srobi\OneDrive\Documents\NinjaTrader 8\bin\Custom\Indicators\@VOL.cs,197f5ae199fb0538374d02f3b28285824e9a9ceaabfbe380ca1aa722756f3979,indicators.volatility,C:\Users\srobi\OneDrive\Documents\Data\regimeAwareDiscovery\indicators\volatility.py,compute_vol,volatility,stub_created,not_tested,"timestamp,open,high,low,close,volume",,{},Auto-generated from NT8 indicator source. Needs manual conversion.,2026-04-25 17:00:11,2026-04-25 17:00:11
VOLMA,@VOLMA.cs,C:\Users\srobi\OneDrive\Documents\NinjaTrader 8\bin\Custom\Indicators\@VOLMA.cs,71444bf9ae2b6929a665eea231828a8520e6eb6ae98338a86b0d0f746fb4d96e,indicators.volatility,C:\Users\srobi\OneDrive\Documents\Data\regimeAwareDiscovery\indicators\volatility.py,compute_volma,volatility,stub_created,not_tested,"timestamp,open,high,low,close,volume",,{},Auto-generated from NT8 indicator source. Needs manual conversion.,2026-04-25 17:00:11,2026-04-25 17:00:11
VROC,@VROC.cs,C:\Users\srobi\OneDrive\Documents\NinjaTrader 8\bin\Custom\Indicators\@VROC.cs,c17bb1cf9b514e26bc6127b3643d7759fdb09eecd893e849e9d8ba38696579a7,indicators.volatility,C:\Users\srobi\OneDrive\Documents\Data\regimeAwareDiscovery\indicators\volatility.py,compute_vroc,volatility,stub_created,not_tested,"timestamp,open,high,low,close,volume",,{},Auto-generated from NT8 indicator source. Needs manual conversion.,2026-04-25 17:00:11,2026-04-25 17:00:11
VWAPx,VWAPx.cs,C:\Users\srobi\OneDrive\Documents\NinjaTrader 8\bin\Custom\Indicators\VWAPx.cs,cd146f21a7eb4789ed3890e471fc115c3ade4797606ae07754c855f3479d38de,indicators.volatility,C:\Users\srobi\OneDrive\Documents\Data\regimeAwareDiscovery\indicators\volatility.py,compute_vwapx,volatility,stub_created,not_tested,"timestamp,open,high,low,close,volume",,{},Auto-generated from NT8 indicator source. Needs manual conversion.,2026-04-25 17:00:11,2026-04-25 17:00:11
VWMA,@VWMA.cs,C:\Users\srobi\OneDrive\Documents\NinjaTrader 8\bin\Custom\Indicators\@VWMA.cs,613a0f3efb21685b684043c5812f230c08113a8416bf9ef73dcee7f063b4a843,indicators.volatility,C:\Users\srobi\OneDrive\Documents\Data\regimeAwareDiscovery\indicators\volatility.py,compute_vwma,volatility,stub_created,not_tested,"timestamp,open,high,low,close,volume",,{},Auto-generated from NT8 indicator source. Needs manual conversion.,2026-04-25 17:00:11,2026-04-25 17:00:11
VolumeCounter,@VolumeCounter.cs,C:\Users\srobi\OneDrive\Documents\NinjaTrader 8\bin\Custom\Indicators\@VolumeCounter.cs,baeee2b6915bfd9a9b38f3ac596a2c801a5d416cc8771a00bbbc9350ca4c85ee,indicators.volatility,C:\Users\srobi\OneDrive\Documents\Data\regimeAwareDiscovery\indicators\volatility.py,compute_volume_counter,volatility,stub_created,not_tested,"timestamp,open,high,low,close,volume",,{},Auto-generated from NT8 indicator source. Needs manual conversion.,2026-04-25 17:00:11,2026-04-25 17:00:11
VolumeOscillator,@VolumeOscillator.cs,C:\Users\srobi\OneDrive\Documents\NinjaTrader 8\bin\Custom\Indicators\@VolumeOscillator.cs,503c90fd8fd2389e4e180b3a477178184b1ef4ddd25d1ac44c0f7d4203976f6d,indicators.volatility,C:\Users\srobi\OneDrive\Documents\Data\regimeAwareDiscovery\indicators\volatility.py,compute_volume_oscillator,volatility,stub_created,not_tested,"timestamp,open,high,low,close,volume",,{},Auto-generated from NT8 indicator source. Needs manual conversion.,2026-04-25 17:00:11,2026-04-25 17:00:11
VolumeProfile,@VolumeProfile.cs,C:\Users\srobi\OneDrive\Documents\NinjaTrader 8\bin\Custom\Indicators\@VolumeProfile.cs,61d827fff5ddc060d1f9b69f360bdfed89792a0d7976ad8df5bda6644f359b9b,indicators.volatility,C:\Users\srobi\OneDrive\Documents\Data\regimeAwareDiscovery\indicators\volatility.py,compute_volume_profile,volatility,stub_created,not_tested,"timestamp,open,high,low,close,volume",,{},Auto-generated from NT8 indicator source. Needs manual conversion.,2026-04-25 17:00:11,2026-04-25 17:00:11
VolumeUpDown,@VolumeUpDown.cs,C:\Users\srobi\OneDrive\Documents\NinjaTrader 8\bin\Custom\Indicators\@VolumeUpDown.cs,9f43272fe2afb080f9de4dd46e2a5b89caff6c9e179e19f84fd15b36be2a2035,indicators.volatility,C:\Users\srobi\OneDrive\Documents\Data\regimeAwareDiscovery\indicators\volatility.py,compute_volume_up_down,volatility,stub_created,not_tested,"timestamp,open,high,low,close,volume",,{},Auto-generated from NT8 indicator source. Needs manual conversion.,2026-04-25 17:00:11,2026-04-25 17:00:11
VolumeWeightedAveragePriceIndicator,VolumeWeightedAveragePriceIndicator.cs,C:\Users\srobi\OneDrive\Documents\NinjaTrader 8\bin\Custom\Indicators\VolumeWeightedAveragePriceIndicator.cs,f7e93f3d912b7243304290fb5289e04bf72f605a216ef6ea6738b5392b6f8240,indicators.volatility,C:\Users\srobi\OneDrive\Documents\Data\regimeAwareDiscovery\indicators\volatility.py,compute_volume_weighted_average_price_indicator,volatility,stub_created,not_tested,"timestamp,open,high,low,close,volume",,{},Auto-generated from NT8 indicator source. Needs manual conversion.,2026-04-25 17:00:11,2026-04-25 17:00:11
VolumeZones,@VolumeZones.cs,C:\Users\srobi\OneDrive\Documents\NinjaTrader 8\bin\Custom\Indicators\@VolumeZones.cs,de4174721df29f03c1abffa61e43ee4506f144338267661220a7e1e964f3ca55,indicators.volatility,C:\Users\srobi\OneDrive\Documents\Data\regimeAwareDiscovery\indicators\volatility.py,compute_volume_zones,volatility,stub_created,not_tested,"timestamp,open,high,low,close,volume",,{},Auto-generated from NT8 indicator source. Needs manual conversion.,2026-04-25 17:00:11,2026-04-25 17:00:11
Vortex,@Vortex.cs,C:\Users\srobi\OneDrive\Documents\NinjaTrader 8\bin\Custom\Indicators\@Vortex.cs,1a57afb9db398b5b70a24435b96651e379264e48f71b06bf4067621ef38caee7,indicators.volatility,C:\Users\srobi\OneDrive\Documents\Data\regimeAwareDiscovery\indicators\volatility.py,compute_vortex,volatility,stub_created,not_tested,"timestamp,open,high,low,close,volume",,{},Auto-generated from NT8 indicator source. Needs manual conversion.,2026-04-25 17:00:11,2026-04-25 17:00:11
WMA,@WMA.cs,C:\Users\srobi\OneDrive\Documents\NinjaTrader 8\bin\Custom\Indicators\@WMA.cs,c601428e87aca7e9e83e0ba78e01eda5c032dfa112e1a188f1f91ba716b7e7c3,indicators.volatility,C:\Users\srobi\OneDrive\Documents\Data\regimeAwareDiscovery\indicators\volatility.py,compute_wma,volatility,stub_created,not_tested,"timestamp,open,high,low,close,volume",,{},Auto-generated from NT8 indicator source. Needs manual conversion.,2026-04-25 17:00:11,2026-04-25 17:00:11
WaveTrendV2,WaveTrendV2.cs,C:\Users\srobi\OneDrive\Documents\NinjaTrader 8\bin\Custom\Indicators\WaveTrendV2.cs,eaf6e4273d04b9f055cf1c5eb8b35f4fcaf7c3f94ad1928ab95dfedd374a4605,indicators.volatility,C:\Users\srobi\OneDrive\Documents\Data\regimeAwareDiscovery\indicators\volatility.py,compute_wave_trend_v2,volatility,stub_created,not_tested,"timestamp,open,high,low,close,volume",,{},Auto-generated from NT8 indicator source. Needs manual conversion.,2026-04-25 17:00:11,2026-04-25 17:00:11
WilliamsR,@WilliamsR.cs,C:\Users\srobi\OneDrive\Documents\NinjaTrader 8\bin\Custom\Indicators\@WilliamsR.cs,d76e13fc5547fe5332c5ef6ff5bacbf222d5c929c8394ec1dc1d19bf0de48465,indicators.volatility,C:\Users\srobi\OneDrive\Documents\Data\regimeAwareDiscovery\indicators\volatility.py,compute_williams_r,volatility,stub_created,not_tested,"timestamp,open,high,low,close,volume",,{},Auto-generated from NT8 indicator source. Needs manual conversion.,2026-04-25 17:00:11,2026-04-25 17:00:11
YTD,YTD.cs,C:\Users\srobi\OneDrive\Documents\NinjaTrader 8\bin\Custom\Indicators\YTD.cs,3f55ab5dc8b33dd1ab728b8293221ec663417b74a291c949f1c2fca940d33929,indicators.volatility,C:\Users\srobi\OneDrive\Documents\Data\regimeAwareDiscovery\indicators\volatility.py,compute_ytd,volatility,stub_created,not_tested,"timestamp,open,high,low,close,volume",,{},Auto-generated from NT8 indicator source. Needs manual conversion.,2026-04-25 17:00:11,2026-04-25 17:00:11
ZLEMA,@ZLEMA.cs,C:\Users\srobi\OneDrive\Documents\NinjaTrader 8\bin\Custom\Indicators\@ZLEMA.cs,197a27f5f2ff547d778badc90dbf7779de5ba55a3062a2bfb9041637fed6f825,indicators.volatility,C:\Users\srobi\OneDrive\Documents\Data\regimeAwareDiscovery\indicators\volatility.py,compute_zlema,volatility,stub_created,not_tested,"timestamp,open,high,low,close,volume",,{},Auto-generated from NT8 indicator source. Needs manual conversion.,2026-04-25 17:00:11,2026-04-25 17:00:11
ZigZag,@ZigZag.cs,C:\Users\srobi\OneDrive\Documents\NinjaTrader 8\bin\Custom\Indicators\@ZigZag.cs,9e4f4fe73b810f9b892fd2227d4a0482916497bc926159f227f3264b1fa3896e,indicators.volatility,C:\Users\srobi\OneDrive\Documents\Data\regimeAwareDiscovery\indicators\volatility.py,compute_zig_zag,volatility,stub_created,not_tested,"timestamp,open,high,low,close,volume",,{},Auto-generated from NT8 indicator source. Needs manual conversion.,2026-04-25 17:00:11,2026-04-25 17:00:11
